steven@getfunctional.com | 5268a8cf7845a09008dff4888e2db098 | getfunctional | Steven Smith = 3pasimpo
paul.farley@cox.com | fc9c2fec85af899f59deee703c167cbc | pfarley | Paul Farley = st33r!nG
edmcph@gmail.com | e4af48b295706f5a8fc7db12fa5d3e83 | emcpherson001 | Ed Mcpherson = sn0n9u4m
ringob@gmail.com | 8289cad1845db6de3b406c8c477ca9f3 | ringob | James Baird = Shithead
nprakongpan@us.ibm.com | 0b64ccc6a15783158746dfe8f089104a | nprakongpan | Natthapol Prakongpan = infragard26j
horace.johnson@ceridian.com | 26498f1ce9e7b2045d71de5dbf53cfee | hjohnson3 | Horace Johnson
pschneck@mindspring.com | 3bd4612b3935340bd18c2f4faa110844 | pschneck | phyllis schneck = Phyllis!@#
dafrye@dfaco.com | ca2478f74fc6b4c5a203162406610154 | Dafrye | David A. Frye
matt@gladtech.net | e88f7c0c16e22601f5339c05edf2bc34 | traildawg | John Riley = Panicphish1
msmith2k5@bellsouth.net | ae2e954766d088cce76c9985422ba2ac | msmith2k5 | Melanie Smith = bo49theli
wdavidthomas@prodigy.net | 2b99fdf01e5ab0bd92bf34ee663374e3 | thomas303 | David Thomas = dingbats
sherwin@smla.com | 2ee80bccb28ed4cbf265e69017580368 | sherwin | Sherwin M. Levinson = ranast0p
rlang3@kennesaw.edu | 34656aef39e8dd8151b477c966a1ee6c | rlang | Robert Lang
Carlos.Batista@alston.com | 38ba3eb0feec8915ab3255124254b27d | cbatista | Carlos Batista = 29okchaany
david.burns@cox.com | d9a541ed13a373c62026ba6f8879e80a | dburns | Dave Burns = burns13
rgivens@gatech.edu | 6ae199a93c381bf6d5de27491139d3f9 | richard | Richard Givens = richard
benjamin.j.halpert@lmco.com | cae7034c84e26e82ad96925269928c53 | bhalpert | Ben halpert
hphipps@bellsouth.net | 2077e4a6bafa9b4e7b55e1fff16818af | Harold | Phipps = prince
umang_desai@rediffmail.com | 5cad0c7e2b0bed30e88e2e97b93088a1 | Cipher | UMANG DESAI = djscoe
shrom@ieee.org | 836fe97d85a1c326189ea6f592cdd4ab | shrom | Benjamin Shrom = sand273
michael.martin@wellstar.org | 613fc5118fddd2910aabc5ffa33282cd | marm0 | Michael Martin = GoDawgs!!
richard_farnham@symantec.com | 8f1fa53006cc68dc1dd7f516cdb6f773 | rafarnham | Richard Farnham = saramaria
thomas.akin@equifax.com | 47f3246c71a36bedf95fcd045182756e | thomaswakin | T Akin
bfeinstein@secureworks.com | c1fbe02df87983e22b6aa73389d596ce | bfeinstein | Ben Feinstein
benjamin.cain@sandyspringsga.org | 7870cdc94cb954ccc3d76a85d733b00a | sspd76 | Benjamin Cain = cotydar
bill.largin@gmail.com | 11c56c57586c2339c10e2a075a956475 | blargin | Bill Largin = li11yma1
alicia.laing@verizon.net | acc09b1f1a482326042b0acf9f0ac16a | alaing32 | Alicia Laing = ziggy2002
monty.mohr@oca.state.ga.us | 3c5e1db5099655a71520b7f640e07133 | Monty_M | Monty Mohr = 1More$
greg.mead@stonesoft.com | 3dbe2d7df0b6ad06392dc3d8b42ed1d6 | gregmead | Greg Mead = qp10PQ)!
charter-risk@earthlink.net | c891ff3be8ee0b58ae49a9d58cf803f0 | mreith | Michael Reith
wfdawson@bellsouth.net | fd87d2ba8b29b1c3888e3630041a5483 | wfdawson | Willard Dawson = otto1234
swoodison@earthlink.net | 22071cbad7dbb5d086984fb1d58958b3 | swoodison | Scott Woodison = simplepass
monique.hart@turner.com | 57c462733f7ff7b0fa67c5463218e59d | mhart | Monique Hart = 53cur17()
djackson@secureworks.com | ce450fdabb52dbe76a4cd9b7af8ce009 | djackson | Don Jackson
cigdem00@bellsouth.net | a7cd8e34aeb3420b430a548f4b04c85c | CigdemDelano | Cigdem Delano
goodman@cc.gatech.edu | a7a9067bbf84923ef915aa45669a23f4 | sygood | Seymour Goodman = lastbest
atgreene@co.dekalb.ga.us | 0c7b9962b1286580d28b68898e74790d | atgreene | Aston Greene = freedom1
defrank@co.dekalb.ga.us | 7243020fce7620bbee5ef040b66f9dd4 | DFrank | Donald E. Frank = homeland
shauvik@cc.gatech.edu | 5e3f4d3d89ef1761b9fe7fb1417d45cf | shauvik | Shauvik Roy Choudhary = bubai85
Tim.Bloomer@gmail.com | 5e2a45075c7e56f54842b8d4a942f94b | tbloomer | Timohty Bloomer = erseapreler
janeine.charpiat@choicepoint.com | f3ee86ee1744f422f0ccad878910f7c4 | jcharpiat | Janeine Charpiat = manatee
john.whitaker@gbi.state.ga.us | 9cac804e47e274f42cdf26a3d3f31470 | JohnWhitaker | John Whitaker
dan.kennedy@computerjobs.com | f8450a97cc7e38e6d109425c87b41634 | dkennedy | Dan Kennedy = admin@
john.chesser@monarchresiliency.com | 6c6b16b40315c99af6b33a4eeea67ed8 | jtchesser | John Chesser = Jtc0412
robert@vivid.net | 467cf6b2b9b668d21d23fb553d1b8856 | rledee | Robert Ledee
jmurphy@security-forces.com | db7c46cfe913522cad9b5f5ee66e2123 | jjmurphy | Joseph Murphy = gromit123
rdixon@scrconsulting.com | 63158c99e67e497234ce21eb23842554 | rdixon | Roger Dixon = waihn?
tlclark@gsu.edu | 6d522e6521ef387b893420bd3ff4bbdb | tlclark34 | Tammy Clark = milenda
fatkinson@mishmash.com | b552b79d58781857813432e42c04d67f | fatkinson | Fred Atkinson = Piccolo4
wmonahan@gsu.edu | a877d508d0408bc264ac7643f77a9284 | wmonahan | William Monahan = G@teway5
rwalker@gsu.edu | 88b8ba89474af4c09a6ea2443974ef36 | rwalker | Royce Walker = r8o2y1ce
twstrict@gta.ga.gov | 067ea6402b6932dbcc3bf4d0026cbbad | tstrickland | Tometrice Strickland = R3@lsecure
tfisher@rim.com | b1b118ddc47454a5a86230446e0e64e5 | tfisher | Terence Fisher  = p92458
bill@regallager.com | 6ce926b359b814e0d18ff091b795d162 | wjarvela | William Jarvela = groove17
thx.asmith@gmail.com | 95908130137631b0704732c9cd61a1ed | asmiththx | Abe Smith = getgard
athena.lien@ic.fbi.gov | 078eaab5c70ddc887e519d85cf8043bb | AthenaLien | Athena Lien = Letter#1
migbo@deloitte.com | 4b9bbb757e01ae575b4e7e985ce76edf | michigbo | Michael Igbo = mikolo1257
scjohnson@inficorp.com | d1bd0ca3c10d4d8df9eebba3ae23e19d | scjohnson | Shirlan Johnson = gte622w
tanvee@cc.gatech.edu | 028331dac43640374d03025bf281732e | tanvee | Tanvee = igloojigloo
jui.deshpande@gatech.edu | 063e76872bbcd0b524f255eec32912c5 | juidesh | Jui
barbaraannfox@mac.com | e41ab3c0a8f4fe205100c78d549821ce | BA-Test | batest
jbunch@haradas.com | 65e24413f1b477c99420107719fcc456 | jbunch | Johnny Bunch = P@rach0r
blakeandericabearden@hotmail.com | 8fa52d87ded965eebfd360468e476b98 | SMQQTH | Adam Bearden = infragard1
kcole@gatech.edu | c860abe43302216ff10039a33abc3809 | mercurymetala | kristina cole = p4n7h313
chuck.aldrich@cox.com | 5573eb4ce4d35de5deea3ad48b937c2b | caldrich | Chuck Aldrich = ca1446
roberhorne@mindspring.com | 3078e1ff6979a980eb4b3bbfbbdc0b91 | roberthorne | Robert Horne = bailie
katie.minor@gmail.com | 7c5c97f0602193352cead70650ecef30 | katieminor | Katie Minor = ktmminor
stanhixon@hotmail.com | 69723152b94cf7569352c8fa564c12aa | SHixon | Stanley Hixon = hauntayo
rkskinner@bellsouth.net | 5c937429208b8b825fa5a1bc9b2058a1 | rskinner80 | Robert K. Skinner
jfoster@atlantagothic.net | 463d01a309b7183aeb9c03251759e885 | dezlock | John Foster = ncc55420
amanda@danielpappadakis.com | 6df8479b7655193141c64d63bf68d07e | asbashista | Amanda Bashista = sneakers2
thomas.hill@s1.com | b27b6ffc2d97ccca5e12141422750711 | thill2 | Thomas Hill = 503elvis
mfick@danielcorp.com | 10020c002a0343d54eb8bf8a4c0c19c0 | kd4let | mark fick
smf1@nrc.gov | 961d2d7a1269e9349464746af1109aba | sflynn | Sean Flynn = hcfakcm4
stephen.holland@tiburon-ent.com | c7fc24ae42b3b10b00ea7f5b9155f135 | sholland | Stephen Holland = wahoo24
len.sutton@securetechnologysystems.com | f4a28d8d523f115b11f14f0d835e854a | llsutton | Len Sutton = catfish
mking@peer1.com | 772cacf447187d42f53546abba7b9333 | marn1e | marnie king = lattheer40
rishabh.a.vyas@gmail.com | 905e0a0c9e14baebcdaf19f5d6b45d1d | ris84 | Rishabh Vyas = india1947
richard.bolton@faa.gov | d159c624b8f62ca8e5c4ce305aca2918 | rbolton | Richard Bolton
bvdutia@gatech.edu | e5d1a9c52e1703a3f40bead617a8baf2 | bhairavdutia | Bhairav Dutia = sunanda123
amogh.budhkar@gmail.com | 9d542d786aecf6ed728a570183723484 | Amogh | Amogh Budhkar = ter3minator3
jinal@gatech.edu | 109e751dd9d134b673758b6f7f8bc1f7 | jinal_doshi | Jinal Doshi = aadeshwar09
jcuthrell@digitel.net | 0f5ee2a2ffe9b66556658ad1212fbf39 | jcuthrell | Jay Cuthrell = nns12345
andy.itguy@yahoo.com | 53ec156f4d757feb3d9faa75d1a02197 | andyitguy | Andy Willingham
graydon@graydonmckee.com | 1f513e52985731dc42b82b4744874919 | gsmckee | Graydon McKee
tegray@us.ibm.com | 2b1744f8f45420c0ae2b54fbd0bd3477 | tegray | Thomas Gray = j11k07
shindenitina@gmail.com | 1f05c4ed3c65c230e5e6d507dd7338c2 | shindenitina | NITIN A SHINDE = inframeet5
WRIGHT.JEFFREY@GMAIL.COM | 58d014ddc41384a6220626b41994dd2e | TECHNEWSGUY | JEFF WRIGHT = 77417741
skapoor6@mail.gatech.edu | 7e3f198db1df276ed55b766186f9b2cb | Shray | Shray Kapoor = 456001
cr3@cr3.us | f5fa20601556429688abb029b0c07cbc | crankine3 | Chris Rankine = never1
gtg931a@mail.gatech.edu | 0e2991593a88984b939e4a7fd8fbe01e | stuartl | Stuart Lee
jose.sovero@comcast.net | bdb33976cb581e4b7a289ddf01656645 | jsovero | Jose Sovero
charles.phillips@faa.gov | 5a8315ead4b7e4a7a35c1115b0c916cc | charlesphillips | Charles T. Phillips = Cp5519
james.vanmeter@ccboe.net | 60ab102c61ec40a82c4eb08fd7e94018 | jvanmeter | James Van Meter = mask1991
slimjim100@gmail.com | dd5eaa57bedd28924a51e4d446c8b463 | bwilson | Brian Wilson = 20002000
chad.mcdonald@luciddataservices.com | f0f146505cc4db7967dbae6a5efcb924 | cmcdonal1 | Chad McDonald = sesame99
kstallard@gmail.com | 6f698b65848e7a2544354fd398eb359a | kstallard | Kevin Stallard = hosenose
jbunch@romega.us | 32d68362507d85932a84dbcdd4686981 | jb140 | Johnny Bunch = p@ssw@rd
dougcorley@hotmail.com | e65ee66e7164faa56394bb73ab10d8e1 | spotco2 | Douglas Corley = 542111
tdavy@comcast.net | 7a44f5dbaac9a74e0e7db3060f9c7e82 | tdavy | Thomas Davy = dylan1031
ptrob71@gmail.com | 4dcbd35e8bd428c77eba66106aa92718 | PRobinson | Paul Robinson
rodney.orourke1@infragard.org | 8b84d96ef3675e1a615a76a5148586a5 | rorourke1 | Rodney O'Rourke = Bilgee~0940
bradshaw3@gmail.com | aca2e246bd9b1ed399aefcc20cbf6d2b | wbradshaw | William Bradshaw = d4m0n0e17
larry.hortert@fsis.usda.gov | bcda085402c76f0df03b44ade789b708 | lhortert | Larry Hortert
alkizz@alkizz.net | a904f82a1d42d3756c324a76624b1ed0 | alkizz | alton kizziah = Rare2004
earle@hdqtrz.com | 9d4a1e268975bbee13accbd49fcbf958 | earleholder | Earle Holder = zasia1
williamm@audits.ga.gov | 1405e6ebaff6785c6454a3671ba5cfb9 | miwilliamson | Michele Williamson = spemamakthe
khijazi@demiurgeconsulting.com | 6a72fe2d562ce00b082e1baf59847282 | khijazi | Karim Hijazi = MooNDoG007
diana.davis@srs.gov | 012c7c021290e7fca4495f33812e2a84 | dianadavis | Diana Davis
mcody@hksystems.us | 441637c52a72124aab15ed99d4c9acbd | pmcody | Michael Cody = fhk67er
jhill3171@comcast.net | d7ab0b2ea3ceda13fb4af2cf0b4f4d33 | joyce | Joyce L Hill = golive11
gary_stephens@genpt.com | 075272a5c38c5f5c373aa4ee3cbfc377 | garystephens | Gary Stephens = meepz0r
jnoble@noblesouth.com | aa5c2ac20a4dee73d052c53a3c676183 | JimNoble | Jim Noble = Spit7Fire
renault@bellsouth.net | ef86205fda1df221e12964028a9b562a | jeremiahr | Renault = f0214941
lvale@silvertonbank.com | f67160900bc0dd2307720cd2d5386e36 | louisvale | Louis Vale = vw8xiuej
david_benton@homedepot.com | 096fa438028950b462fcdc84bc1ffa37 | gajedi | David Benton = grace0015
bedwardadams@hotmail.com | 48f58bfb17fcf68e493191637209d4db | badams2 | Brian Adams = toeakcopen
kd4pdy@mindspring.com | 3b31bd1f79ae66f8d3075b47ef1f05ca | kd4pdy | James Barrett = bonzo
tmcneil@commscope.com | e22f6183a5e0e8005b8a1ca293fd764e | tmcneil | Thomas E. McNeil = maxdog01
john.pasierb@infraguard.org | 04a0dfac9b221981e71a94bf0ef5aef0 | jpasierb | John Pasierb
byron.mcneill@us.army.mil | 0cfd3b180f7c17205632d0a58d90928f | bmcneill3 | Byron McNeill, III
david_brooksher@homedepot.com | d8b84c7d01288ca05607fc9b37c71093 | brooksher | David Brooksher = fortlaud
doakley@atlantaga.gov | 51977f38bb3afdf634dd8162c7a33691 | doakley | Dan = deborah
andrew.reinhart@ge.com | d967f8ea8e9f46111fc44b817dba7cb6 | areinhart | Andrew  = cipsecurity
cmuniz@cityofno.com | 36d774b3984af3237d3f70683a8ba65e | carvimu | Carlos V. Mu?iz  = C0lbert
jimkump@bellsouth.net | 8632c375e9eba096df51844a5a43ae93 | jimkump | Jim Kump = security1
heath.mcginnis@verizonbusiness.com | d2debf892a487b8d277d574f55a15b8d | mcginnish | Heath McGinnis = w3bman
roger.winchester@careerbuilder.com | 3cf5677226650d3d9a7d01e192cb23a7 | rwinchester | Roger Winchester = helorer39
jlevenglick@fhlbatl.com | 53dd4936f2d5b053f323ccf419512873 | slowjazz | Jeffrey L = ffej0665
marc.vincent@gema.ga.gov | ab0851c5f6dd1201c7b87f3104a0bd5b | mvincent | Marc Vincent
metcalfe5168@charter.net | 5686e1f298a6cd2c5b054b5d1a16a787 | mmetcalfe | Matthew Metcalfe = eire88
Mark@mettlerics.com | c201308abc945d9aee3c77aceb9405e4 | Markmettler | Mark A Mettler = 2396mgm
alex.tomic@definition6.com | dd8e62630dd9f28ee22a4cecd34df228 | atomic | Alex Tomic
jasont215@clear.net | 86f6217ef2a67123b304e9953835a096 | jthomas12 | Jason Thomas = JeepeR12
apanian.david@epa.gov | a65cf2b727c6b58303367924976639bc | dapanian | David Apanian = Prez4now!
trevor.horwitz@trustnetinc.com | 844117b4788e27f791272b71c791467b | thorwitz | Trevor Horwitz = 7UncleBob
rod.mcmahonsr@gmail.com | 505e470feed0d0607b990bdd51fd71d7 | cyberwhitehat | Rod McMahon = in5inity
info@interquestga.com | 60d12977547d7fcf5e56269c2999c25f | amarratt | Ashley Marratt
derrick.henry@accenture.com | a52b2741975514be3229a055e4923ce2 | dhenry3 | Derrick Henry
nathan.katzif@norcrossgroup.com | 1170a3de66436d07b3ccc6e755779f42 | nkatzif | Nathan Katzif = alchoplecs
gellenbr@southernco.com | 38b51c0461cd490ef61687a2549db4bb | gellenburg | George Ellenburg
lawrence.carey@infragard.org | 5f62d52b8c92fd2f543700220dad99d7 | lcarey | Lawrence Carey = #1Houligan
sally.heintz@infragard.org | 92eb2aedd83083edb7bf18930da39b38 | sheintz | Sally Heintz = 7254346
ERWIN.CARROW@USG.EDU | 218812489559567782a717fa2cd6c55e | ecarrow | Erwin L. Carrow = 4285gbtl
stacy@spearnetworks.com | 791f3fb40bff5bb0fa325acc93f909c1 | sspear | Stacy Spear = 1spears
darnbox@gmail.com | 15f0c3a25444bf5376a19b1d52902850 | lbrodnax | Lewis Brodnax = pensink66
Louis0015@aol.com | e3a7833d7459806909e47e9a786fe997 | louis0015 | Louis Seefried = theboat
julian.parker@infragard.org | 7faf96218fb9272227a9febc0300c590 | jparker10 | Julian Parker = 8798jp
paul.wood@cherokee.k12.ga.us | 809b3b8a70fd6c7cb3d4564989820484 | plw308 | Paul Wood = qsss11a
0ceans.seven@yahoo.com | 89546b043d5d05bedb4b7ee5e6888bf9 | xray66 | Gilbert Davidson = usmc4342
richardsonestill@cox.net | 95d5aaac5f97d1e7740ff8e66fde3c85 | erichardson | Estill Richardson = 0317rednek
gtkief@yahoo.com | 39ce7e2a8573b41ce73b5ba41617f8f7 | jsmith102 | John Smith = jsmith
donald.jordan@us.army.mil | 1c885e23b850f482244d2d726dccdf19 | jdinf237 | Donald Jordan = jordan23
timhairston@gmail.com | 735be2e805e41cae49ec3fa3860b0523 | timhairston | Timothy R Hairston = 3450tttt
wsims95@yahoo.com | 96fbf36691d1ba9838f5f22c7562b7ec | dady11 | willie sims = myway111
williamdecatur1@gmail.com | bbfcd4ceafc26b684a1cfdd956f64f1f | WRHODES | William C. Rhodes = dirtydirty
hallettvlarry@yahoo.com | 098d157fcb42a2c4412627e0dfb0fa94 | duluthgacop | Valdemar Larry Hallett = s5uf6udr
ProLogicTour@Gmail.com | 6b7b655dd22faa3f10677c512493a8a0 | ProLogicTour | ProLogicTour = eclipse
brookie.tate@us.army.mil | 38e4da98ee8c702e6dae134d3b5c8245 | btate | Brookie Tate = AQA43sam
matt.rahman@us.ibm.com | 0116ae189d678b35613a618f07fda982 | mrahman | Matt Rahman = Zarghuna30
frank.moore@infragard.org | d2daa38e24942ab018c0229ded0603bb | fmoore | Frank Moore
paul.christian@infragard.org | 95f35abf159109d16def8776dc06f582 | proficient | Paul Christian
moore2541@charter.net | 9dd2bd3dc51db6e309143d503a923082 | omoore | olin e moore  = erpertio49
mark@twistedtechnologies.com | ca00e46379ce4a28f5902c2fce3da98c | mmancini | Mark Mancini = 1q2w3e!Q@W#E
valdemar.hallett@infragard.org | 991a0f865ae710b49952aec5632d060f | vhallett | Valdemar Larry Hallett
kathy.taylor@siemens.com | 51f247f7adfa350998221eb94788dcd7 | ktaylor3 | Kathy Taylor
daviddubois@comcast.net | 73f06f40ac6541ad2bea5d0741a0e7dd | david | David DuBois' = emma56fifi
johgrm@earthwayelectric.com | 1835a9dc1d73cb51a1ebdc0f2c856717 | johgrm | John Gorman = july152006
rodericklwright@gmail.com | 81ab0dd11b50d1be8f2861e6e6fbc01d | rwright5 | Roderick L. Wright Jr.
sstretchh@yahoo.com | d085509fc0bb98aaab297ea4512c6f19 | sstretchh | Brian Meyer = Beining1
the.rich.taylor@gmail.com | d1fa68934594d0918056637a15dc1315 | rtaylor | Rich Taylor
adelmo@kia-rus.info | ca10536ab1645aec63d956db8f3a7975 | nartas | nartas = 12378900
hmahan@infragard.org | 3ce37c713838a658a7a6041337548d6d | hmahan | Hughes Phillips Mahan
jeff.wright@norcrossgroup.com | d9fef5a912d0b10f34e2dc9a28d8e895 | CFGUY | JEFF WRIGHT
jay.harmon@borderhawk.com | d7df94769b780b87bdfc162cc267b0f2 | JayHarmon | Jay Harmon
barbaraannfox@mac.com | e41ab3c0a8f4fe205100c78d549821ce | bfox | Barbara-Ann Fox = bav01cE
